Sample Size (N),Mean Deviation in κ4,abs errors
1000,0.099124563,0.000991246
5000,0.026795408,0.000401931
10000,0.027538361,0.000220307
50000,0.016528896,0.000165289
100000,0.01486767,0.000297353
500000,0.007005421,7.00542E-05
1000000,0.005611857,5.61186E-05
5000000,0.00233045,2.33045E-05
10000000,0.001400616,2.10092E-05
